Name,Header,Library,Source,Specification
FD_CLR,sys/select.h,libc,,POSIX&UNIX
FD_ISSET,sys/select.h,libc,,POSIX&UNIX
FD_SET,sys/select.h,libc,,POSIX&UNIX
FD_ZERO,sys/select.h,libc,,POSIX&UNIX
_Exit,stdlib.h,libc,,C99
_exit,unistd.h,libc,,POSIX&UNIX
_longjmp,setjmp.h,libc,,UNIX
_setjmp,setjmp.h,libc,,UNIX
_tolower,ctype.h,libc,,UNIX
_toupper,ctype.h,libc,,UNIX
a64l,stdlib.h,libc,,UNIX
abort,stdlib.h,libc,,C89
abs,stdlib.h,libc,,C89
accept,sys/socket.h,,,POSIX&UNIX
access,unistd.h,libc,,POSIX&UNIX
acos,math.h,libm,,C89
acosf,math.h,libm,,C99
acosh,math.h,libm,,C99
acoshf,math.h,libm,,C99
acoshl,math.h,libm,,C99
acosl,math.h,libm,,C99
aio_cancel,aio.h,librt,,
aio_error,aio.h,librt,,
aio_fsync,aio.h,librt,,
aio_read,aio.h,librt,,
aio_return,aio.h,librt,,
aio_suspend,aio.h,librt,,
aio_write,aio.h,librt,,
alarm,unistd.h,libc,,POSIX&UNIX
alphasort,dirent.h,libc,,
asctime,time.h,libc,,C89
asctime_r,time.h,libc,,UNIX
asin,math.h,libm,,C89
asinf,math.h,libm,,C99
asinh,math.h,libm,,C99
asinhf,math.h,libm,,C99
asinhl,math.h,libm,,C99
asinl,math.h,libm,,C99
__assert_fail,assert.h,libc,,C89
atan2,math.h,libm,,C89
atan2f,math.h,libm,,C99
atan2l,math.h,libm,,C99
atan,math.h,libm,,C89
atanf,math.h,libm,,C99
atanh,math.h,libm,,C99
atanhf,math.h,libm,,C99
atanhl,math.h,libm,,C99
atanl,math.h,libm,,C99
atexit,stdlib.h,libc,,C89
atof,stdlib.h,libc,,C89
atoi,stdlib.h,libc,,C89
atol,stdlib.h,libc,,C89
atoll,stdlib.h,libc,,C99
basename,libgen.h,libc,xopen/libgen.c,UNIX
bind,sys/socket.h,,,POSIX&UNIX
bsearch,stdlib.h,libc,misc/array.c,C89
btowc,wchar.h,libc,misc/bwc.c,C95
cabs,math.h,libm,,C99
cabsf,math.h,libm,,C99
cabsl,math.h,libm,,C99
cacos,math.h,libm,,C99
cacosf,math.h,libm,,C99
cacosh,math.h,libm,,C99
cacoshf,math.h,libm,,C99
cacoshl,math.h,libm,,C99
cacosl,math.h,libm,,C99
calloc,stdlib.h,libc,,C89
carg,math.h,libm,,C99
cargf,math.h,libm,,C99
cargl,math.h,libm,,C99
casin,math.h,libm,,C99
casinf,math.h,libm,,C99
casinh,math.h,libm,,C99
casinhf,math.h,libm,,C99
casinhl,math.h,libm,,C99
casinl,math.h,libm,,C99
catan,math.h,libm,,C99
catanf,math.h,libm,,C99
catanh,math.h,libm,,C99
catanhf,math.h,libm,,C99
catanhl,math.h,libm,,C99
catanl,math.h,libm,,C99
catclose,langinfo.h,,,
catgets,langinfo.h,,,
catopen,langinfo.h,,,
cbrt,math.h,libm,,C99
cbrtf,math.h,libm,,C99
cbrtl,math.h,libm,,C99
ccos,math.h,libm,,C99
ccosf,math.h,libm,,C99
ccosh,math.h,libm,,C99
ccoshf,math.h,libm,,C99
ccoshl,math.h,libm,,C99
ccosl,math.h,libm,,C99
ceil,math.h,libm,,C89
ceilf,math.h,libm,,C99
ceill,math.h,libm,,C99
cexp,math.h,libm,,C99
cexpf,math.h,libm,,C99
cexpl,math.h,libm,,C99
cfgetispeed,termios.h,,,POSIX&UNIX
cfgetospeed,termios.h,,,POSIX&UNIX
cfsetispeed,termios.h,,,POSIX&UNIX
cfsetospeed,termios.h,,,POSIX&UNIX
chdir,unistd.h,libc,,POSIX&UNIX
chmod,sys/stat.h,libc,,POSIX&UNIX
chown,unistd.h,libc,,POSIX&UNIX
cimag,math.h,libm,,C99
cimagf,math.h,libm,,C99
cimagl,math.h,libm,,C99
clearerr,stdio.h,libc,,C89
clock,time.h,libc,,C89
clock_getcpuclockid,time.h,libc,,
clock_getres,time.h,libc,,
clock_gettime,time.h,libc,,
clock_nanosleep,time.h,libc,,
clock_settime,time.h,libc,,
clog,math.h,libm,,C99
clogf,math.h,libm,,C99
clogl,math.h,libm,,C99
close,unistd.h,libc,,POSIX&UNIX
closedir,dirent.h,libc,,POSIX&UNIX
closelog,syslog.h,,,UNIX
confstr,unistd.h,libc,,POSIX&UNIX
conj,math.h,libm,,C99
conjf,math.h,libm,,C99
conjl,math.h,libm,,C99
connect,sys/socket.h,,,POSIX&UNIX
copysign,math.h,libm,,C99
copysignf,math.h,libm,,C99
copysignl,math.h,libm,,C99
cos,math.h,libm,,C89
cosf,math.h,libm,,C99
cosh,math.h,libm,,C89
coshf,math.h,libm,,C99
coshl,math.h,libm,,C99
cosl,math.h,libm,,C99
cpow,math.h,libm,,C99
cpowf,math.h,libm,,C99
cpowl,math.h,libm,,C99
cproj,math.h,libm,,C99
cprojf,math.h,libm,,C99
cprojl,math.h,libm,,C99
creal,math.h,libm,,C99
crealf,math.h,libm,,C99
creall,math.h,libm,,C99
creat,fcntl.h,libc,,POSIX&UNIX
crypt,unistd.h,,,
csin,math.h,libm,,C99
csinf,math.h,libm,,C99
csinh,math.h,libm,,C99
csinhf,math.h,libm,,C99
csinhl,math.h,libm,,C99
csinl,math.h,libm,,C99
csqrt,math.h,libm,,C99
csqrtf,math.h,libm,,C99
csqrtl,math.h,libm,,C99
ctan,math.h,libm,,C99
ctanf,math.h,libm,,C99
ctanh,math.h,libm,,C99
ctanhf,math.h,libm,,C99
ctanhl,math.h,libm,,C99
ctanl,math.h,libm,,C99
ctermid,unistd.h,libc,,POSIX&UNIX
ctime,time.h,libc,,C89
ctime_r,time.h,libc,,UNIX
daylight,time.h,libc,,UNIX
dbm_clearerr,,,,UNIX
dbm_close,,,,UNIX
dbm_delete,,,,UNIX
dbm_error,,,,UNIX
dbm_fetch,,,,UNIX
dbm_firstkey,,,,UNIX
dbm_nextkey,,,,UNIX
dbm_open,,,,UNIX
dbm_store,,,,UNIX
difftime,time.h,libc,,C89
dirfd,dirent.h,,,
dirname,libgen.h,,xopen/libgen.c,UNIX
div,stdlib.h,libc,,C89
dlclose,dlfcn.h,,,
dlerror,dlfcn.h,,,
dlopen,dlfcn.h,,,
dlsym,dlfcn.h,,,
dprintf,stdio.h,libc,libc/printf.c,
drand48,stdlib.h,libc,xopen/rand48.c,UNIX
dup2,unistd.h,libc,,POSIX&UNIX
dup,unistd.h,libc,,POSIX&UNIX
duplocale,locale.h,libc,,
encrypt,unistd.h,,,
endgrent,,,,UNIX
endhostent,,,,POSIX&UNIX
endnetent,netdb.h,,,POSIX&UNIX
endprotoent,netdb.h,,,POSIX&UNIX
endpwent,,,,UNIX
endservent,netdb.h,,,POSIX&UNIX
endutxent,,,,UNIX
environ,unistd.h,,,POSIX&UNIX
erand48,stdlib.h,libc,xopen/rand48.c,UNIX
erf,math.h,libm,,C99
erfc,math.h,libm,,C99
erfcf,math.h,libm,,C99
erfcl,math.h,libm,,C99
erff,math.h,libm,,C99
erfl,math.h,libm,,C99
__errno_location,errno.h,libc,,C89
execl,unistd.h,libc,,POSIX&UNIX
execle,unistd.h,libc,,POSIX&UNIX
execlp,unistd.h,libc,,POSIX&UNIX
execv,unistd.h,libc,,POSIX&UNIX
execve,unistd.h,libc,,POSIX&UNIX
execvp,unistd.h,libc,,POSIX&UNIX
exit,stdlib.h,libc,,C89
exp2,math.h,libm,,C99
exp2f,math.h,libm,,C99
exp2l,math.h,libm,,C99
exp,math.h,libm,,C89
expf,math.h,libm,,C99
expl,math.h,libm,,C99
expm1,math.h,libm,,C99
expm1f,math.h,libm,,C99
expm1l,math.h,libm,,C99
fabs,math.h,libm,,C89
fabsf,math.h,libm,,C99
fabsl,math.h,libm,,C99
faccessat,unistd.h,,,
fattach,,,,UNIX
fchdir,unistd.h,,,
fchmod,sys/stat.h,libc,,POSIX&UNIX
fchmodat,sys/stat.h,libc,,
fchown,unistd.h,libc,,POSIX&UNIX
fchownat,unistd.h,,,
fclose,stdio.h,libc,,C89
fcntl,fcntl.h,libc,,POSIX&UNIX
fdatasync,unistd.h,,,
fdetach,,,,UNIX
fdim,math.h,libm,,C99
fdimf,math.h,libm,,C99
fdiml,math.h,libm,,C99
fdopen,stdio.h,,,POSIX&UNIX
fdopendir,dirent.h,,,
feclearexcept,fenv.h,libc,,C99
fegetenv,fenv.h,libc,,C99
fegetexceptflag,fenv.h,libc,,C99
fegetround,fenv.h,libc,,C99
feholdexcept,fenv.h,libc,,C99
feof,stdio.h,libc,,C89
feraiseexcept,fenv.h,libc,,C99
ferror,stdio.h,libc,,C89
fesetenv,fenv.h,libc,,C99
fesetexceptflag,fenv.h,libc,,C99
fesetround,fenv.h,libc,,C99
fetestexcept,fenv.h,libc,,C99
feupdateenv,fenv.h,libc,,C99
fexecve,unistd.h,,,
fflush,stdio.h,libc,,C89
ffs,strings.h,,,UNIX
fgetc,stdio.h,libc,,C89
fgetpos,stdio.h,libc,,C89
fgets,stdio.h,libc,,C89
fgetwc,wchar.h,libc,,C95
fgetws,wchar.h,libc,,C95
fileno,stdio.h,libc,,POSIX&UNIX
flockfile,stdio.h,,,
floor,math.h,libm,,C89
floorf,math.h,libm,,C99
floorl,math.h,libm,,C99
fma,math.h,libm,,C99
fmaf,math.h,libm,,C99
fmal,math.h,libm,,C99
fmax,math.h,libm,,C99
fmaxf,math.h,libm,,C99
fmaxl,math.h,libm,,C99
fmemopen,stdio.h,,,
fmin,math.h,libm,,C99
fminf,math.h,libm,,C99
fminl,math.h,libm,,C99
fmod,math.h,libm,,C89
fmodf,math.h,libm,,C99
fmodl,math.h,libm,,C99
fmtmsg,fmtmsg.h,,,UNIX
fnmatch,fnmatch.h,,,POSIX&UNIX
fopen,stdio.h,libc,,C89
fork,unistd.h,libc,,POSIX&UNIX
fpathconf,unistd.h,libc,,POSIX&UNIX
fpclassify,math.h,libm,,C99
fprintf,stdio.h,libc,libc/printf.c,C89
fputc,stdio.h,libc,,C89
fputs,stdio.h,libc,,C89
fputwc,wchar.h,libc,,C95
fputws,wchar.h,libc,,C95
fread,stdio.h,libc,,C89
free,stdlib.h,libc,,C89
freeaddrinfo,netdb.h,,,
freelocale,locale.h,libc,,
freopen,stdio.h,libc,,C89
frexp,math.h,libm,,C89
frexpf,math.h,libm,,C99
frexpl,math.h,libm,,C99
fscanf,stdio.h,libc,libio/scanf.c,C89
fseek,stdio.h,libc,,C89
fseeko,stdio.h,libc,,POSIX&UNIX
fsetpos,stdio.h,libc,,C89
fstat,sys/stat.h,libc,,POSIX&UNIX
fstatat,sys/stat.h,libc,,
fstatvfs,,,,
fsync,unistd.h,libc,,UNIX
ftell,stdio.h,libc,,C89
ftello,stdio.h,,,POSIX&UNIX
ftok,,,,UNIX
ftruncate,,,,POSIX&UNIX
ftrylockfile,,,,
ftw,,,,UNIX
funlockfile,,,,
futimens,,,,
fwide,wchar.h,libc,,C95
fwprintf,wchar.h,libc,libc/wprintf.c,C95
fwrite,stdio.h,libc,,C89
fwscanf,wchar.h,libc,libio/wscanf.c,C95
gai_strerror,,,,
getaddrinfo,,,,
getc,stdio.h,libc,,C89
getc_unlocked,stdio.h,libc,,
getchar,stdio.h,libc,,C89
getchar_unlocked,stdio.h,,,
getcwd,unistd.h,libc,,POSIX&UNIX
getdate,,,,UNIX
getdate_err,,,,UNIX
getdelim,,,,
getegid,unistd.h,libc,,POSIX&UNIX
getenv,stdlib.h,libc,,C89
geteuid,unistd.h,libc,,POSIX&UNIX
getgid,unistd.h,libc,,POSIX&UNIX
getgrent,,,,UNIX
getgrgid,,,,POSIX&UNIX
getgrgid_r,,,,
getgrnam,,,,POSIX&UNIX
getgrnam_r,,,,
getgroups,unistd.h,libc,,POSIX&UNIX
gethostent,,,,POSIX&UNIX
gethostid,unistd.h,libc,,UNIX
gethostname,unistd.h,libc,,POSIX&UNIX
getitimer,,,,UNIX
getline,,,,
getlogin,unistd.h,libc,,POSIX&UNIX
getlogin_r,unistd.h,,,
getmsg,,,,UNIX
getnameinfo,,,,
getnetbyaddr,,,,POSIX&UNIX
getnetbyname,,,,POSIX&UNIX
getnetent,,,,POSIX&UNIX
getopt,unistd.h,libc,,POSIX&UNIX
getpeername,,,,POSIX&UNIX
getpgid,unistd.h,,,
getpgrp,unistd.h,libc,,POSIX&UNIX
getpid,unistd.h,libc,,POSIX&UNIX
getpmsg,,,,UNIX
getppid,unistd.h,libc,,POSIX&UNIX
getpriority,,,,UNIX
getprotobyname,,,,POSIX&UNIX
getprotobynumber,,,,POSIX&UNIX
getprotoent,,,,POSIX&UNIX
getpwent,,,,UNIX
getpwnam,,,,POSIX&UNIX
getpwnam_r,,,,
getpwuid,,,,POSIX&UNIX
getpwuid_r,,,,
getrlimit,,,,UNIX
getrusage,,,,UNIX
gets,stdio.h,libc,,C89
getservbyname,,,,POSIX&UNIX
getservbyport,,,,POSIX&UNIX
getservent,,,,POSIX&UNIX
getsid,unistd.h,,,
getsockname,,,,POSIX&UNIX
getsockopt,,,,POSIX&UNIX
getsubopt,,,,
gettimeofday,time.h,,,UNIX
getuid,unistd.h,libc,,POSIX&UNIX
getutxent,,,,UNIX
getutxid,,,,UNIX
getutxline,,,,UNIX
getwc,wchar.h,libc,,C95
getwchar,wchar.h,libc,,C95
glob,,,,POSIX&UNIX
globfree,,,,POSIX&UNIX
gmtime,time.h,libc,,C89
gmtime_r,time.h,,,
grantpt,,,,UNIX
hcreate,search.h,,,UNIX
hdestroy,search.h,,,UNIX
hsearch,search.h,,,UNIX
htonl,,,,POSIX&UNIX
htons,,,,POSIX&UNIX
hypot,math.h,libm,,C99
hypotf,math.h,libm,,C99
hypotl,math.h,libm,,C99
iconv,,,,
iconv_close,,,,
iconv_open,,,,
if_freenameindex,,,,
if_indextoname,,,,
if_nameindex,,,,
if_nametoindex,,,,
ilogb,math.h,libm,,C99
ilogbf,math.h,libm,,C99
ilogbl,math.h,libm,,C99
imaxabs,inttypes.h,libc,,C99
imaxdiv,inttypes.h,libc,,C99
inet_addr,,,,POSIX&UNIX
inet_ntoa,,,,POSIX&UNIX
inet_ntop,,,,
inet_pton,,,,
initstate,,,,UNIX
insque,search.h ,,,UNIX
ioctl,sys/ioctl.h,libc,,UNIX
isalnum,ctype.h,libc,string/ctype.c,C89
isalnum_l,ctype.h,libc,,
isalpha,ctype.h,libc,string/ctype.c,C89
isalpha_l,ctype.h,libc,,
isascii,ctype.h,libc,,UNIX
isastream,,,,UNIX
isatty,unistd.h,libc,,POSIX&UNIX
isblank,ctype.h,libc,,C99
isblank_l,ctype.h,libc,,
iscntrl,ctype.h,libc,string/ctype.c,C89
iscntrl_l,ctype.h,libc,,
isdigit,ctype.h,libc,string/ctype.c,C89
isdigit_l,ctype.h,libc,,
isfinite,math.h,libm,,C99
isgraph,ctype.h,libc,string/ctype.c,C89
isgraph_l,ctype.h,libc,,
isgreater,math.h,libm,,C99
isgreaterequal,math.h,libm,,C99
isinf,math.h,libm,,C99
isless,math.h,libm,,C99
islessequal,math.h,libm,,C99
islessgreater,math.h,libm,,C99
islower,ctype.h,libc,string/ctype.c,C89
islower_l,ctype.h,libc,,
isnan,math.h,libm,,POSIX&UNIX
isnormal,math.h,libm,,C99
isprint,ctype.h,libc,string/ctype.c,C89
isprint_l,ctype.h,libc,,
ispunct,ctype.h,libc,string/ctype.c,C89
ispunct_l,ctype.h,libc,,
isspace,ctype.h,libc,string/ctype.c,C89
isspace_l,ctype.h,libc,,
isunordered,math.h,libm,,C99
isupper,ctype.h,libc,string/ctype.c,C89
isupper_l,ctype.h,libc,,
iswalnum,wchar.h,libc,string/wctype.c,C95
iswalnum_l,wchar.h,libc,,
iswalpha,wchar.h,libc,string/wctype.c,C95
iswalpha_l,wchar.h,libc,,
iswblank,wchar.h,libc,,C99
iswblank_l,wchar.h,libc,,
iswcntrl,wchar.h,libc,string/wctype.c,C95
iswcntrl_l,wchar.h,libc,,
iswctype,wchar.h,libc,string/wctype.c,C95
iswctype_l,wchar.h,libc,,
iswdigit,wchar.h,libc,string/wctype.c,C95
iswdigit_l,wchar.h,libc,,
iswgraph,wchar.h,libc,string/wctype.c,C95
iswgraph_l,wchar.h,libc,,
iswlower,wchar.h,libc,string/wctype.c,C95
iswlower_l,wchar.h,libc,,
iswprint,wchar.h,libc,string/wctype.c,C95
iswprint_l,wchar.h,libc,,
iswpunct,wchar.h,libc,string/wctype.c,C95
iswpunct_l,wchar.h,libc,,
iswspace,wchar.h,libc,string/wctype.c,C95
iswspace_l,wchar.h,libc,,
iswupper,wchar.h,libc,string/wctype.c,C95
iswupper_l,wchar.h,libc,,
iswxdigit,wchar.h,libc,string/wctype.c,C95
iswxdigit_l,wchar.h,libc,,
isxdigit,ctype.h,libc,string/ctype.c,C89
isxdigit_l,ctype.h,libc,,
j0,math.h,libm,,UNIX
j1,math.h,libm,,UNIX
jn,math.h,libm,,UNIX
jrand48,stdlib.h,libc,xopen/rand48.c,UNIX
kill,signal.h,libc,,POSIX&UNIX
killpg,signal.h,libc,,UNIX
l64a,stdlib.h,libc,,UNIX
labs,stdlib.h,libc,,C89
lchown,unistd.h,,,
lcong48,stdlib.h,libc,xopen/rand48.c,UNIX
ldexp,math.h,libm,,C89
ldexpf,math.h,libm,,C99
ldexpl,math.h,libm,,C99
ldiv,stdlib.h,libc,,C89
lfind,search.h,,,UNIX
lgamma,math.h,libm,,C99
lgammaf,math.h,libm,,C99
lgammal,math.h,libm,,C99
link,unistd.h,libc,,POSIX&UNIX
linkat,unistd.h,,,
lio_listio,,,,
listen,sys/socket.h,,,POSIX&UNIX
llabs,stdlib.h,libc,,C99
lldiv,stdlib.h,libc,,C99
llrint,math.h,libm,,C99
llrintf,math.h,libm,,C99
llrintl,math.h,libm,,C99
llround,math.h,libm,,C99
llroundf,math.h,libm,,C99
llroundl,math.h,libm,,C99
localeconv,locale.h,libc,,C89
localtime,time.h,libc,,C89
localtime_r,time.h,,,
lockf,unistd.h,libc,,UNIX
log10,math.h,libm,,C89
log10f,math.h,libm,,C99
log10l,math.h,libm,,C99
log1p,math.h,libm,,C99
log1pf,math.h,libm,,C99
log1pl,math.h,libm,,C99
log2,math.h,libm,,C99
log2f,math.h,libm,,C99
log2l,math.h,libm,,C99
log,math.h,libm,,C89
logb,math.h,libm,,C99
logbf,math.h,libm,,C99
logbl,math.h,libm,,C99
logf,math.h,libm,,C99
logl,math.h,libm,,C99
longjmp,setjmp.h,libc,,C89
lrand48,stdlib.h,libc,xopen/rand48.c,UNIX
lrint,math.h,libm,,C99
lrintf,math.h,libm,,C99
lrintl,math.h,libm,,C99
lround,math.h,libm,,C99
lroundf,math.h,libm,,C99
lroundl,math.h,libm,,C99
lsearch,search.h,,,UNIX
lseek,unistd.h,libc,,POSIX&UNIX
lstat,sys/stat.h,libc,,POSIX&UNIX
malloc,stdlib.h,libc,,C89
mblen,stdlib.h,libc,string/tchar.c,C89
mbrlen,wchar.h,libc,string/tchar.c,C95
mbrtowc,wchar.h,libc,string/tchar.c,C95
mbsinit,wchar.h,libc,string/tchar.c,C95
mbsnrtowcs,,,,
mbsrtowcs,wchar.h,libc,string/tchar.c,C95
mbstowcs,stdlib.h,libc,string/tchar.c,C89
mbtowc,stdlib.h,libc,string/tchar.c,C89
memccpy,,libc,,UNIX
memchr,string.h,libc,,C89
memcmp,string.h,libc,,C89
memcpy,string.h,libc,,C89
memmove,string.h,libc,,C89
memset,string.h,libc,,C89
mkdir,sys/stat.h,libc,,POSIX&UNIX
mkdirat,sys/stat.h,,,
mkdtemp,,,,
mkfifo,sys/stat.h,libc,,POSIX&UNIX
mkfifoat,sys/stat.h,,,
mknod,sys/stat.h,libc,,UNIX
mknodat,sys/stat.h,libc,,
mkstemp,stdlib.h,,,
mktime,time.h,libc,,C89
mlock,sys/mman.h,libc,,
mlockall,sys/mman.h,libc,,
mmap,sys/mman.h,libc,,
modf,math.h,libm,,C89
modff,math.h,libm,,C99
modfl,math.h,libm,,C99
mprotect,sys/mman.h,libc,,
mq_close,,librt,,
mq_getattr,,librt,,
mq_notify,,librt,,
mq_open,,librt,,
mq_receive,,librt,,
mq_send,,librt,,
mq_setattr,,librt,,
mq_timedreceive,,librt,,
mq_timedsend,,librt,,
mq_unlink,,librt,,
mrand48,stdlib.h,libc,xopen/rand48.c,UNIX
msgctl,sys\msg.h,,,UNIX
msgget,sys\msg.h,,,UNIX
msgrcv,sys\msg.h,,,UNIX
msgsnd,sys\msg.h,,,UNIX
msync,sys/mman.h,libc,,UNIX
munlock,sys/mman.h,libc,,
munlockall,sys/mman.h,libc,,
munmap,sys/mman.h,libc,,
nan,math.h,libm,,C99
nanf,math.h,libm,,C99
nanl,math.h,libm,,C99
nanosleep,time.h,libc,,
nearbyint,math.h,libm,,C99
nearbyintf,math.h,libm,,C99
nearbyintl,math.h,libm,,C99
newlocale,locale.h,libc,,
nextafter,math.h,libm,,C99
nextafterf,math.h,libm,,C99
nextafterl,math.h,libm,,C99
nexttoward,math.h,libm,,C99
nexttowardf,math.h,libm,,C99
nexttowardl,math.h,libm,,C99
nftw,,,,UNIX
nice,unistd.h,libc,,UNIX
nl_langinfo,,,,
nl_langinfo_l,,,,
nrand48,stdlib.h,libc,xopen/rand48.c,UNIX
ntohl,,,,POSIX&UNIX
ntohs,,,,POSIX&UNIX
open,fcntl.h,libc,,POSIX&UNIX
open_memstream,,,,
open_wmemstream,,,,
openat,fcntl.h,libc,,
opendir,dirent.h,libc,,POSIX&UNIX
openlog,syslog.h,,,UNIX
optarg,,,,POSIX&UNIX
opterr,,,,POSIX&UNIX
optind,,,,POSIX&UNIX
optopt,,,,POSIX&UNIX
pathconf,unistd.h,libc,,POSIX&UNIX
pause,unistd.h,libc,,POSIX&UNIX
pclose,stdio.h,,,POSIX&UNIX
perror,stdio.h,libc,,C89
pipe,unistd.h,libc,,POSIX&UNIX
poll,,,,
popen,stdio.h,,,POSIX&UNIX
posix_fadvise,fcntl.h,libc,,
posix_fallocate,fcntl.h,libc,,
posix_madvise,,,,
posix_mem_offset,,,,
posix_memalign,,,,
posix_openpt,,,,
posix_spawn,,,,
posix_spawn_file_actions_addclose,,,,
posix_spawn_file_actions_adddup2,,,,
posix_spawn_file_actions_addopen,,,,
posix_spawn_file_actions_destroy,,,,
posix_spawn_file_actions_init,,,,
posix_spawnattr_destroy,,,,
posix_spawnattr_getflags,,,,
posix_spawnattr_getpgroup,,,,
posix_spawnattr_getschedparam,,,,
posix_spawnattr_getschedpolicy,,,,
posix_spawnattr_getsigdefault,,,,
posix_spawnattr_getsigmask,,,,
posix_spawnattr_init,,,,
posix_spawnattr_setflags,,,,
posix_spawnattr_setpgroup,,,,
posix_spawnattr_setschedparam,,,,
posix_spawnattr_setschedpolicy,,,,
posix_spawnattr_setsigdefault,,,,
posix_spawnattr_setsigmask,,,,
posix_spawnp,,,,
posix_trace_attr_destroy,,,,
posix_trace_attr_getclockres,,,,
posix_trace_attr_getcreatetime,,,,
posix_trace_attr_getgenversion,,,,
posix_trace_attr_getinherited,,,,
posix_trace_attr_getlogfullpolicy,,,,
posix_trace_attr_getlogsize,,,,
posix_trace_attr_getmaxdatasize,,,,
posix_trace_attr_getmaxsystemeventsize,,,,
posix_trace_attr_getmaxusereventsize,,,,
posix_trace_attr_getname,,,,
posix_trace_attr_getstreamfullpolicy,,,,
posix_trace_attr_getstreamsize,,,,
posix_trace_attr_init,,,,
posix_trace_attr_setinherited,,,,
posix_trace_attr_setlogfullpolicy,,,,
posix_trace_attr_setlogsize,,,,
posix_trace_attr_setmaxdatasize,,,,
posix_trace_attr_setname,,,,
posix_trace_attr_setstreamfullpolicy,,,,
posix_trace_attr_setstreamsize,,,,
posix_trace_clear,,,,
posix_trace_close,,,,
posix_trace_create,,,,
posix_trace_create_withlog,,,,
posix_trace_event,,,,
posix_trace_eventid_equal,,,,
posix_trace_eventid_get_name,,,,
posix_trace_eventid_open,,,,
posix_trace_eventset_add,,,,
posix_trace_eventset_del,,,,
posix_trace_eventset_empty,,,,
posix_trace_eventset_fill,,,,
posix_trace_eventset_ismember,,,,
posix_trace_eventtypelist_getnext_id,,,,
posix_trace_eventtypelist_rewind,,,,
posix_trace_flush,,,,
posix_trace_get_attr,,,,
posix_trace_get_filter,,,,
posix_trace_get_status,,,,
posix_trace_getnext_event,,,,
posix_trace_open,,,,
posix_trace_rewind,,,,
posix_trace_set_filter,,,,
posix_trace_shutdown,,,,
posix_trace_start,,,,
posix_trace_stop,,,,
posix_trace_timedgetnext_event,,,,
posix_trace_trid_eventid_open,,,,
posix_trace_trygetnext_event,,,,
posix_typed_mem_get_info,,,,
posix_typed_mem_open,,,,
pow,math.h,libm,,C89
powf,math.h,libm,,C99
powl,math.h,libm,,C99
pread,unistd.h,,,
printf,stdio.h,libc,,C89
pselect,,,,
psiginfo,,,,
psignal,,,,
pthread_atfork,pthread.h,libpthread,,
pthread_attr_destroy,pthread.h,libpthread,,
pthread_attr_getdetachstate,pthread.h,libpthread,,
pthread_attr_getguardsize,pthread.h,libpthread,,
pthread_attr_getinheritsched,pthread.h,libpthread,,
pthread_attr_getschedparam,pthread.h,libpthread,,
pthread_attr_getschedpolicy,pthread.h,libpthread,,
pthread_attr_getscope,pthread.h,libpthread,,
pthread_attr_getstack,pthread.h,libpthread,,
pthread_attr_getstacksize,pthread.h,libpthread,,UNIX
pthread_attr_init,pthread.h,libpthread,,
pthread_attr_setdetachstate,pthread.h,libpthread,,
pthread_attr_setguardsize,pthread.h,libpthread,,
pthread_attr_setinheritsched,pthread.h,libpthread,,
pthread_attr_setschedparam,pthread.h,libpthread,,
pthread_attr_setschedpolicy,pthread.h,libpthread,,
pthread_attr_setscope,pthread.h,libpthread,,
pthread_attr_setstack,pthread.h,libpthread,,
pthread_attr_setstacksize,pthread.h,libpthread,,UNIX
pthread_barrier_destroy,pthread.h,libpthread,,
pthread_barrier_init,pthread.h,libpthread,,
pthread_barrier_wait,pthread.h,libpthread,,
pthread_barrierattr_destroy,pthread.h,libpthread,,
pthread_barrierattr_getpshared,pthread.h,libpthread,,
pthread_barrierattr_init,pthread.h,libpthread,,
pthread_barrierattr_setpshared,pthread.h,libpthread,,
pthread_cancel,pthread.h,libpthread,,
pthread_cleanup_pop,pthread.h,libpthread,,
pthread_cleanup_push,pthread.h,libpthread,,
pthread_cond_broadcast,pthread.h,libpthread,,
pthread_cond_destroy,pthread.h,libpthread,,
pthread_cond_init,pthread.h,libpthread,,
pthread_cond_signal,pthread.h,libpthread,,
pthread_cond_timedwait,pthread.h,libpthread,,
pthread_cond_wait,pthread.h,libpthread,,
pthread_condattr_destroy,pthread.h,libpthread,,
pthread_condattr_getclock,pthread.h,libpthread,,
pthread_condattr_getpshared,pthread.h,libpthread,,UNIX
pthread_condattr_init,pthread.h,libpthread,,
pthread_condattr_setclock,pthread.h,libpthread,,
pthread_condattr_setpshared,pthread.h,libpthread,,UNIX
pthread_create,pthread.h,libpthread,,
pthread_detach,pthread.h,libpthread,,
pthread_equal,pthread.h,libpthread,,
pthread_exit,pthread.h,libpthread,,
pthread_getconcurrency,pthread.h,libpthread,,UNIX
pthread_getcpuclockid,pthread.h,libpthread,,
pthread_getschedparam,pthread.h,libpthread,,
pthread_getspecific,pthread.h,libpthread,,
pthread_join,pthread.h,libpthread,,
pthread_key_create,pthread.h,libpthread,,
pthread_key_delete,pthread.h,libpthread,,
pthread_kill,pthread.h,libpthread,,
pthread_mutex_consistent,pthread.h,libpthread,,
pthread_mutex_destroy,pthread.h,libpthread,,
pthread_mutex_getprioceiling,pthread.h,libpthread,,
pthread_mutex_init,pthread.h,libpthread,,
pthread_mutex_lock,pthread.h,libpthread,,
pthread_mutex_setprioceiling,pthread.h,libpthread,,
pthread_mutex_timedlock,pthread.h,libpthread,,
pthread_mutex_trylock,pthread.h,libpthread,,
pthread_mutex_unlock,pthread.h,libpthread,,
pthread_mutexattr_destroy,pthread.h,libpthread,,
pthread_mutexattr_getprioceiling,pthread.h,libpthread,,
pthread_mutexattr_getprotocol,pthread.h,libpthread,,
pthread_mutexattr_getpshared,pthread.h,libpthread,,UNIX
pthread_mutexattr_getrobust,pthread.h,libpthread,,
pthread_mutexattr_gettype,pthread.h,libpthread,,
pthread_mutexattr_init,pthread.h,libpthread,,
pthread_mutexattr_setprioceiling,pthread.h,libpthread,,
pthread_mutexattr_setprotocol,pthread.h,libpthread,,
pthread_mutexattr_setpshared,pthread.h,libpthread,,UNIX
pthread_mutexattr_setrobust,pthread.h,libpthread,,
pthread_mutexattr_settype,pthread.h,libpthread,,
pthread_once,pthread.h,libpthread,,
pthread_rwlock_destroy,pthread.h,libpthread,,
pthread_rwlock_init,pthread.h,libpthread,,
pthread_rwlock_rdlock,pthread.h,libpthread,,
pthread_rwlock_timedrdlock,pthread.h,libpthread,,
pthread_rwlock_timedwrlock,pthread.h,libpthread,,
pthread_rwlock_tryrdlock,pthread.h,libpthread,,
pthread_rwlock_trywrlock,pthread.h,libpthread,,
pthread_rwlock_unlock,pthread.h,libpthread,,
pthread_rwlock_wrlock,pthread.h,libpthread,,
pthread_rwlockattr_destroy,pthread.h,libpthread,,
pthread_rwlockattr_getpshared,pthread.h,libpthread,,UNIX
pthread_rwlockattr_init,pthread.h,libpthread,,
pthread_rwlockattr_setpshared,pthread.h,libpthread,,UNIX
pthread_self,pthread.h,libpthread,,
pthread_setcancelstate,pthread.h,libpthread,,
pthread_setcanceltype,pthread.h,libpthread,,
pthread_setconcurrency,pthread.h,libpthread,,UNIX
pthread_setschedparam,pthread.h,libpthread,,
pthread_setschedprio,pthread.h,libpthread,,
pthread_setspecific,pthread.h,libpthread,,
pthread_sigmask,pthread.h,libpthread,,
pthread_spin_destroy,pthread.h,libpthread,,
pthread_spin_init,pthread.h,libpthread,,
pthread_spin_lock,pthread.h,libpthread,,
pthread_spin_trylock,pthread.h,libpthread,,
pthread_spin_unlock,pthread.h,libpthread,,
pthread_testcancel,pthread.h,libpthread,,
ptsname,,,,UNIX
putc,stdio.h,libc,,C89
putc_unlocked,,libc,,
putchar,stdio.h,libc,,C89
putchar_unlocked,,libc,,
putenv,stdlib.h,libc,,UNIX
putmsg,,,,UNIX
putpmsg,,,,UNIX
puts,stdio.h,libc,,C89
pututxline,,,,UNIX
putwc,wchar.h,libc,,C95
putwchar,wchar.h,libc,,C95
pwrite,unistd.h,,,
qsort,stdlib.h,libc,misc/array.c,C89
raise,signal.h,libc,,C89
rand,stdlib.h,libc,misc/rand.c,C89
rand_r,stdlib.h,libc,,UNIX
random,stdlib.h,libc,,UNIX
read,unistd.h,,,
readdir,dirent.h,,,POSIX&UNIX
readdir_r,dirent.h,,,
readlink,unistd.h,libc,,POSIX&UNIX
readlinkat,unistd.h,,,
readv,sys/uio.h,,,UNIX
realloc,stdlib.h,libc,,C89
realpath,,,,UNIX
recv,sys/socket.h,,,POSIX&UNIX
recvfrom,sys/socket.h,,,POSIX&UNIX
recvmsg,sys/socket.h,,,POSIX&UNIX
regcomp,regex.h,,,POSIX&UNIX
regerror,regex.h,,,POSIX&UNIX
regexec,regex.h,,,POSIX&UNIX
regfree,regex.h,,,POSIX&UNIX
remainder,math.h,libm,,C99
remainderf,math.h,libm,,C99
remainderl,math.h,libm,,C99
remove,stdio.h,libc,,C89
remque,search.h ,,,UNIX
remquo,math.h,libm,,C99
remquof,math.h,libm,,C99
remquol,math.h,libm,,C99
rename,stdio.h,libc,,C89
renameat,,,,
rewind,stdio.h,libc,,C89
rewinddir,dirent.h,,,POSIX&UNIX
rint,math.h,libm,,C99
rintf,math.h,libm,,C99
rintl,math.h,libm,,C99
rmdir,unistd.h,libc,,POSIX&UNIX
round,math.h,libm,,C99
roundf,math.h,libm,,C99
roundl,math.h,libm,,C99
scalbln,math.h,libm,,C99
scalblnf,math.h,libm,,C99
scalblnl,math.h,libm,,C99
scalbn,math.h,libm,,C99
scalbnf,math.h,libm,,C99
scalbnl,math.h,libm,,C99
scandir,,,,
scanf,stdio.h,libc,libio/scanf.c,C89
sched_get_priority_max,,,,
sched_get_priority_min,,,,
sched_getparam,,,,
sched_getscheduler,,,,
sched_rr_get_interval,,,,
sched_setparam,,,,
sched_setscheduler,,,,
sched_yield,,,,
seed48,stdlib.h,libc,xopen/rand48.c,UNIX
seekdir,dirent.h,,,UNIX
select,sys/select.h,libc,,POSIX&UNIX
sem_close,,,,
sem_destroy,,,,
sem_getvalue,,,,
sem_init,,,,
sem_open,,,,
sem_post,,,,
sem_timedwait,,,,
sem_trywait,,,,
sem_unlink,,,,
sem_wait,,,,
semctl,sys/sem.h,,,UNIX
semget,sys/sem.h,,,UNIX
semop,sys/sem.h,,,UNIX
send,sys/socket.h,,,POSIX&UNIX
sendmsg,sys/socket.h,,,POSIX&UNIX
sendto,sys/socket.h,,,POSIX&UNIX
setbuf,stdio.h,libc,,C89
setegid,unistd.h,,,
setenv,stdlib.h,libc,,
seteuid,unistd.h,,,
setgid,unistd.h,libc,,POSIX&UNIX
setgrent,,,,UNIX
sethostent,,,,POSIX&UNIX
setitimer,,,,UNIX
setjmp,setjmp.h,libc,,C89
setkey,,,,
setlocale,locale.h,libc,,C89
setlogmask,syslog.h,,,UNIX
setnetent,,,,POSIX&UNIX
setpgid,unistd.h,libc,,POSIX&UNIX
setpgrp,unistd.h,libc,,UNIX
setpriority,,,,UNIX
setprotoent,,,,POSIX&UNIX
setpwent,,,,UNIX
setregid,unistd.h,libc,,UNIX
setreuid,unistd.h,libc,,UNIX
setrlimit,,,,UNIX
setservent,,,,POSIX&UNIX
setsid,,,,POSIX&UNIX
setsockopt,,,,POSIX&UNIX
setstate,,,,UNIX
setuid,unistd.h,libc,,POSIX&UNIX
setutxent,,,,UNIX
setvbuf,stdio.h,libc,,C89
shm_open,sys/mman.h,libc,,
shm_unlink,sys/mman.h,libc,,
shmat,sys/shm.h,libc,,UNIX
shmctl,sys/shm.h,libc,,UNIX
shmdt,sys/shm.h,libc,,UNIX
shmget,sys/shm.h,libc,,UNIX
shutdown,,,,POSIX&UNIX
sigaction,signal.h,libc,,POSIX&UNIX
sigaddset,signal.h,libc,,POSIX&UNIX
sigaltstack,signal.h,libc,,UNIX
sigdelset,signal.h,libc,,POSIX&UNIX
sigemptyset,signal.h,libc,,POSIX&UNIX
sigfillset,signal.h,libc,,POSIX&UNIX
sighold,signal.h,libc,,UNIX
sigignore,signal.h,libc,,UNIX
siginterrupt,signal.h,libc,,UNIX
sigismember,signal.h,libc,,POSIX&UNIX
siglongjmp,,,,POSIX&UNIX
signal,signal.h,libc,,C89
signbit,math.h,libm,,C99
signgam,,,,
sigpause,signal.h,libc,,UNIX
sigpending,signal.h,libc,,POSIX&UNIX
sigprocmask,signal.h,libc,,
sigqueue,signal.h,libc,,
sigrelse,,,,UNIX
sigset,,,,UNIX
sigsetjmp,,,,POSIX&UNIX
sigsuspend,signal.h,libc,,POSIX&UNIX
sigtimedwait,signal.h,libc,,
sigwait,signal.h,libc,,POSIX&UNIX
sigwaitinfo,signal.h,libc,,
sin,math.h,libm,,C89
sinf,math.h,libm,,C99
sinh,math.h,libm,,C89
sinhf,math.h,libm,,C99
sinhl,math.h,libm,,C99
sinl,math.h,libm,,C99
sleep,unistd.h,libc,,POSIX&UNIX
snprintf,stdio.h,libc,libc/printf.c,C99
sockatmark,,,,
socket,sys/socket.h,,,POSIX&UNIX
socketpair,,,,POSIX&UNIX
sprintf,stdio.h,libc,libc/printf.c,C89
sqrt,math.h,libm,,C89
sqrtf,math.h,libm,,C99
sqrtl,math.h,libm,,C99
srand48,stdlib.h,libc,xopen/rand48.c,UNIX
srand,stdlib.h,libc,misc/rand.c,C89
srandom,stdlib.h,libc,,UNIX
sscanf,stdio.h,libc,libio/scanf.c,C89
stat,sys/stat.h,,,POSIX&UNIX
statvfs,sys/statvfs.h,,,
stderr,stdio.h,libc,,C89
stdin,stdio.h,libc,,C89
stdout,stdio.h,libc,,C89
stpcpy,string.h,libc,,
stpncpy,string.h,libc,,
strcasecmp,string.h,libc,,
strcasecmp_l,string.h,libc,,
strcat,string.h,libc,,C89
strchr,string.h,libc,,C89
strcmp,string.h,libc,,C89
strcoll,string.h,libc,,C89
strcoll_l,string.h,libc,,
strcpy,string.h,libc,,C89
strcspn,string.h,libc,,C89
strdup,string.h,libc,,
strerror,string.h,libc,,C89
strerror_l,string.h,libc,,
strerror_r,string.h,libc,,
strfmon,monetary.h,libc,,
strfmon_l,monetary.h,libc,,
strftime,time.h,libc,,C89
strftime_l,time.h,libc,,
strlen,string.h,libc,,C89
strncasecmp,string.h,libc,,
strncasecmp_l,string.h,libc,,
strncat,string.h,libc,,C89
strncmp,string.h,libc,,C89
strncpy,string.h,libc,,C89
strndup,string.h,libc,,
strnlen,string.h,libc,,
strpbrk,string.h,libc,,C89
strptime,time.h,,,UNIX
strrchr,string.h,libc,,C89
strsignal,string.h,,,
strspn,string.h,libc,,C89
strstr,string.h,libc,,C89
strtod,stdlib.h,libc,,C89
strtof,stdlib.h,libc,,C99
strtoimax,inttypes.h,libc,,C99
strtok,string.h,libc,,C89
strtok_r,string.h,libc,,
strtol,stdlib.h,libc,,C89
strtold,stdlib.h,libc,,C99
strtoll,stdlib.h,libc,,C99
strtoul,stdlib.h,libc,,C89
strtoull,stdlib.h,libc,,C99
strtoumax,inttypes.h,libc,,C99
strxfrm,string.h,libc,,C89
strxfrm_l,string.h,libc,,
swab,unistd.h,libc,,UNIX
swprintf,wchar.h,libc,libc/wprintf.c,C95
swscanf,wchar.h,libc,libio/wscanf.c,C95
symlink,unistd.h,libc,,POSIX&UNIX
symlinkat,unistd.h,,,
sync,unistd.h,libc,,UNIX
sysconf,unistd.h,libc,,POSIX&UNIX
syslog,syslog.h,,,UNIX
system,stdlib.h,libc,,C89
tan,math.h,libm,,C89
tanf,math.h,libm,,C99
tanh,math.h,libm,,C89
tanhf,math.h,libm,,C99
tanhl,math.h,libm,,C99
tanl,math.h,libm,,C99
tcdrain,termios.h,,,POSIX&UNIX
tcflow,termios.h,,,POSIX&UNIX
tcflush,termios.h,,,POSIX&UNIX
tcgetattr,termios.h,,,POSIX&UNIX
tcgetpgrp,unistd.h,libc,,POSIX&UNIX
tcgetsid,termios.h,,,
tcsendbreak,termios.h,,,POSIX&UNIX
tcsetattr,termios.h,,,POSIX&UNIX
tcsetpgrp,unistd.h,libc,,POSIX&UNIX
tdelete,search.h,,,UNIX
telldir,dirent.h,libc,,UNIX
tempnam,stdio.h,libc,,UNIX
tfind,search.h,,,UNIX
tgamma,math.h,libm,,C99
tgammaf,math.h,libm,,C99
tgammal,math.h,libm,,C99
time,time.h,libc,,C89
timer_create,time.h,,,
timer_delete,time.h,,,
timer_getoverrun,time.h,,,
timer_gettime,time.h,,,
timer_settime,time.h,,,
times,sys\times.h,,,POSIX&UNIX
timezone,time.h,libc,,UNIX
tmpfile,stdio.h,libc,,C89
tmpnam,stdio.h,libc,,C89
toascii,ctype.h,libc,,UNIX
tolower,ctype.h,libc,,C89
tolower_l,wchar.h,libc,,
toupper,ctype.h,libc,,C89
toupper_l,wchar.h,libc,,
towctrans,wchar.h,libc,,C95
towctrans_l,wchar.h,libc,,
towlower,wchar.h,libc,,C95
towlower_l,wchar.h,libc,,
towupper,wchar.h,libc,,C95
towupper_l,wchar.h,libc,,
trunc,math.h,libm,,C99
truncate,unistd.h,libc,,
truncf,math.h,libm,,C99
truncl,math.h,libm,,C99
tsearch,search.h,,,UNIX
ttyname,unistd.h,,,
ttyname_r,unistd.h,,,
twalk,search.h,,,UNIX
tzname,time.h,libc,,
tzset,time.h,libc,,
ulimit,,,,UNIX
umask,,,,POSIX&UNIX
uname,,,,POSIX&UNIX
ungetc,stdio.h,libc,,C89
ungetwc,wchar.h,libc,,C95
unlink,unistd.h,libc,,POSIX&UNIX
unlinkat,unistd.h,,,
unlockpt,,,,UNIX
unsetenv,stdlib.h,libc,,
uselocale,locale.h,libc,,
utime,,,,POSIX&UNIX
utimensat,,,,
utimes,,,,UNIX
va_arg,stdarg.h,,,
va_copy,stdarg.h,,,
va_end,stdarg.h,,,
va_start,stdarg.h,,,
vdprintf,stdio.h,libc,,
vfprintf,stdio.h,libc,libio/vfprintf.c,POSIX&UNIX
vfscanf,stdio.h,libc,libio/vfscanf.c,C99
vfwprintf,wchar.h,libc,libio/vfprintf.c,C95
vfwscanf,wchar.h,libc,libio/vfscanf.c,C99
vprintf,stdio.h,libc,libc/printf.c,C89
vscanf,stdio.h,libc,libio/scanf.c,C99
vsnprintf,stdio.h,libc,libc/printf.c,C99
vsprintf,stdio.h,libc,libc/printf.c,C89
vsscanf,stdio.h,libc,libio/scanf.c,C99
vswprintf,wchar.h,libc,libc/wprintf.c,C95
vswscanf,wchar.h,libc,libio/wscanf.c,C99
vwprintf,wchar.h,libc,libc/wprintf.c,C95
vwscanf,wchar.h,libc,libio/wscanf.c,C99
wait,sys\wait.h,libc,,POSIX&UNIX
waitid,sys\wait.h,libc,,
waitpid,sys\wait.h,libc,,POSIX&UNIX
wcpcpy,wchar.h,libc,,
wcpncpy,wchar.h,libc,,
wcrtomb,wchar.h,libc,string/tchar.c,C95
wcscasecmp,wchar.h,libc,,
wcscasecmp_l,wchar.h,libc,,
wcscat,wchar.h,libc,,C95
wcschr,wchar.h,libc,,C95
wcscmp,wchar.h,libc,,C95
wcscoll,wchar.h,libc,,C95
wcscoll_l,wchar.h,libc,,
wcscpy,wchar.h,libc,,C95
wcscspn,wchar.h,libc,,C95
wcsdup,wchar.h,libc,,
wcsftime,wchar.h,libc,,C95
wcslen,wchar.h,libc,,C95
wcsncasecmp,wchar.h,libc,,
wcsncasecmp_l,wchar.h,libc,,
wcsncat,wchar.h,libc,,C95
wcsncmp,wchar.h,libc,,C95
wcsncpy,wchar.h,libc,,C95
wcsnlen,wchar.h,libc,,
wcsnrtombs,wchar.h,libc,,
wcspbrk,wchar.h,libc,,C95
wcsrchr,wchar.h,libc,,C95
wcsrtombs,wchar.h,libc,string/tchar.c,C95
wcsspn,wchar.h,libc,,C95
wcsstr,wchar.h,libc,,C95
wcstod,wchar.h,libc,,C95
wcstof,wchar.h,libc,,C99
wcstoimax,inttypes.h,libc,,C99
wcstok,wchar.h,libc,,C95
wcstol,wchar.h,libc,,C95
wcstold,wchar.h,libc,,C99
wcstoll,wchar.h,libc,,C99
wcstombs,stdlib.h,libc,string/tchar.c,C89
wcstoul,wchar.h,libc,,C95
wcstoull,wchar.h,libc,,C99
wcstoumax,inttypes.h,libc,,C99
wcswidth,wchar.h,libc,,UNIX
wcsxfrm,wchar.h,libc,,C95
wcsxfrm_l,wchar.h,libc,,
wctob,wchar.h,libc,misc/bwc.c,C95
wctomb,stdlib.h,libc,string/tchar.c,C89
wctrans,wchar.h,libc,,C95
wctrans_l,wchar.h,libc,,
wctype,wchar.h,libc,,C95
wctype_l,wchar.h,libc,,
wcwidth,wchar.h,libc,,UNIX
wmemchr,wchar.h,libc,,C95
wmemcmp,wchar.h,libc,,C95
wmemcpy,wchar.h,libc,,C95
wmemmove,wchar.h,libc,,C95
wmemset,wchar.h,libc,,C95
wordexp,wordexp.h,,,POSIX&UNIX
wordfree,wordexp.h,,,POSIX&UNIX
wprintf,wchar.h,libc,libc/wprintf.c,C95
write,unistd.h,libc,,
writev,sys/uio.h,,,UNIX
wscanf,wchar.h,libc,libio/wscanf.c,C95
y0,math.h,libm,,UNIX
y1,math.h,libm,,UNIX
yn,math.h,libm,,UNIX
